"Message",Low,"正在启动 .NET Native 编译"
"Message",Low,""
"Message",Low,""
"Message",Low,"任务 ""Gatekeeper"""
"Message",Normal,"正在启动“C:\Program Files (x86)\Microsoft SDKs\UWPNuGetPackages\runtime.win10-x64.microsoft.net.native.compiler\2.2.8-rel-28605-00\tools\x64\ilc\ilc.exe --gatekeeper @""D:\User\Doc\MomeNikki\obj\x64\Release\ilc\intermediate\gkargs.rsp""”"
"Message",Low,"Microsoft (R) .NET Native ���������汾 2.2.28605.00 "
"Message",Low,"Copyright (C) Microsoft Corporation.  All rights reserved. "
"Message",Low," "
"Message",Low,"���ڼ����򼯡�D:\User\Doc\MomeNikki\obj\x64\Release\ilc\in\Microsoft.Data.Sqlite.dll����  "
"Message",Low,"���ڼ����򼯡�D:\User\Doc\MomeNikki\obj\x64\Release\ilc\in\MomeNikki.exe����  "
"Message",Low,"���ڼ����򼯡�D:\User\Doc\MomeNikki\obj\x64\Release\ilc\in\SQLitePCLRaw.batteries_v2.dll����  "
"Message",Low,"���ڼ����򼯡�D:\User\Doc\MomeNikki\obj\x64\Release\ilc\in\SQLitePCLRaw.core.dll����  "
"Message",Low,"���ڼ����򼯡�D:\User\Doc\MomeNikki\obj\x64\Release\ilc\in\SQLitePCLRaw.provider.winsqlite3.dll����  "
"Message",Low,"ILCTelemetry: System.ArgumentException: Could not deserialize to TelemetrySession object"
"Message",Low,"������: serializedSession ---> System.Runtime.Serialization.SerializationException: �����л����� �������� Microsoft.VisualStudio.Telemetry.TelemetrySessionSettings ʱ���ִ�����Ҫ��ǡ�""�������ҵ���I���� ---> System.Xml.XmlException: ��Ҫ��ǡ�""�������ҵ���I����"
"Message",Low,"   �� System.Xml.XmlExceptionHelper.ThrowXmlException(XmlDictionaryReader reader, String res, String arg1, String arg2, String arg3)"
"Message",Low,"   �� System.Xml.XmlExceptionHelper.ThrowTokenExpected(XmlDictionaryReader reader, String expected, Char found)"
"Message",Low,"   �� System.Runtime.Serialization.Json.XmlJsonReader.ReadServerTypeAttribute(Boolean consumedObjectChar)"
"Message",Low,"   �� System.Runtime.Serialization.Json.XmlJsonReader.ReadAttributes()"
"Message",Low,"   �� System.Runtime.Serialization.Json.XmlJsonReader.ReadNonExistentElementName(StringHandleConstStringType elementName)"
"Message",Low,"   �� System.Runtime.Serialization.Json.XmlJsonReader.Read()"
"Message",Low,"   �� System.Xml.XmlBaseReader.IsStartElement()"
"Message",Low,"   �� System.Xml.XmlBaseReader.IsStartElement(XmlDictionaryString localName, XmlDictionaryString namespaceUri)"
"Message",Low,"   �� System.Runtime.Serialization.XmlReaderDelegator.IsStartElement(XmlDictionaryString localname, XmlDictionaryString ns)"
"Message",Low,"   �� System.Runtime.Serialization.XmlObjectSerializer.IsRootElement(XmlReaderDelegator reader, DataContract contract, XmlDictionaryString name, XmlDictionaryString ns)"
"Message",Low,"   �� System.Runtime.Serialization.Json.DataContractJsonSerializer.InternalIsStartObject(XmlReaderDelegator reader)"
"Message",Low,"   �� System.Runtime.Serialization.Json.DataContractJsonSerializer.InternalReadObject(XmlReaderDelegator xmlReader, Boolean verifyObjectName)"
"Message",Low,"   �� System.Runtime.Serialization.XmlObjectSerializer.InternalReadObject(XmlReaderDelegator reader, Boolean verifyObjectName, DataContractResolver dataContractResolver)"
"Message",Low,"   �� System.Runtime.Serialization.XmlObjectSerializer.ReadObjectHandleExceptions(XmlReaderDelegator reader, Boolean verifyObjectName, DataContractResolver dataContractResolver)"
"Message",Low,"   --- �ڲ��쳣��ջ���ٵĽ�β ---"
"Message",Low,"   �� System.Runtime.Serialization.XmlObjectSerializer.ReadObjectHandleExceptions(XmlReaderDelegator reader, Boolean verifyObjectName, DataContractResolver dataContractResolver)"
"Message",Low,"   �� System.Runtime.Serialization.Json.DataContractJsonSerializer.ReadObject(XmlDictionaryReader reader)"
"Message",Low,"   �� System.Runtime.Serialization.Json.DataContractJsonSerializer.ReadObject(Stream stream)"
"Message",Low,"   �� Microsoft.VisualStudio.Telemetry.TelemetrySessionSettings.Deserialize(String settings)"
"Message",Low,"   �� Microsoft.VisualStudio.Telemetry.TelemetrySessionSettings.Parse(String serializedSession)"
"Message",Low,"   --- �ڲ��쳣��ջ���ٵĽ�β ---"
"Message",Low,"   �� Microsoft.VisualStudio.Telemetry.TelemetrySessionSettings.Parse(String serializedSession)"
"Message",Low,"   �� ILCTelemetry.Program.ReadEvents()"
"Message",Low,"   �� ILCTelemetry.Program.Main(String[] args)"
"Message",Normal,"“C:\Program Files (x86)\Microsoft SDKs\UWPNuGetPackages\runtime.win10-x64.microsoft.net.native.compiler\2.2.8-rel-28605-00\tools\x64\ilc\ilc.exe --gatekeeper @""D:\User\Doc\MomeNikki\obj\x64\Release\ilc\intermediate\gkargs.rsp""”已完成。"
"Message",Normal,"进程执行统计信息(所有时间均以毫秒为单位)"
"Message",Normal,"-----------------------------------------------------------------------------"
"Message",Normal,"启动 | 开始 | 停止 | 结束 | 持续时间 | 生存期 | [槽] 名称"
"Message",Normal,"-----------------------------------------------------------------------------"
"Message",Normal,"       0 |       15 |      218 |      218 |      203 |      218 | [0] Gatekeeper"
"Message",Normal,"命令数:      1"
"Message",Normal,"总系统时间:       218 毫秒"
"Message",Normal,"每命令系统时间: 218 毫秒"
"Message",Normal,"总持续时间:          203 毫秒"
"Message",Normal,"总生存时间:          218 毫秒"
"Message",Normal,"请求的 DOP:           12"
"Message",Normal,"持续时间 DOP:            0.9"
"Message",Normal,"生存时间 DOP:            1.0"
"Message",Low,"已完成执行任务 ""Gatekeeper""。"
"Message",Low,"已完成在文件 ""Preparation"" 中生成目标 ""RunGatekeeper""。"
"Message",Low,""
"Message",Low,"已完成在文件 ""Preparation"" 中生成目标 ""CreateToolchainGeneratedAssembly""。"
"Message",Low,""
"Message",Low,"任务 ""PreMergeAssemblyClosure"""
"Message",Low,"已完成执行任务 ""PreMergeAssemblyClosure""。"
"Message",Low,"已完成在文件 ""Preparation"" 中生成目标 ""ConstructPreMergeAssemblyClosure""。"
"Message",Low,""
"Message",Low,"任务 ""McgReferenceResolveFilePath"""
"Message",Low,"已完成执行任务 ""McgReferenceResolveFilePath""。"
"Message",Low,"已完成在文件 ""Preparation"" 中生成目标 ""PreResolveTransforms""。"
"Message",Low,""
"Message",Low,"任务 ""ResolveToolchainRequiredAssemblyRoots"""
"Message",Low,"已完成执行任务 ""ResolveToolchainRequiredAssemblyRoots""。"
"Message",Low,"任务 ""ILTransformAssemblyClosure"""
"Message",Low,"已完成执行任务 ""ILTransformAssemblyClosure""。"
"Message",Low,"任务 ""ResolveToolchainRequiredAssemblyRoots"""
"Message",Low,"已完成执行任务 ""ResolveToolchainRequiredAssemblyRoots""。"
"Message",Low,"任务 ""ReducedCopyAssemblyClosure"""
"Message",Low,"已完成执行任务 ""ReducedCopyAssemblyClosure""。"
"Message",Low,"已完成在文件 ""Preparation"" 中生成目标 ""ConstructILTransformAssemblyClosure""。"
"Message",Low,"已完成生成项目 ""Preparation""。"
"Message",Low,""
"Message",Low,""
"Message",High,"正在处理应用程序代码"
"Message",Low,"任务 ""RunILTransforms"""
"Message",Normal,"正在运行“DumpNativeResources”转换，达到 17 MB 时形成堆。"
"Message",Normal,"正在运行“Analysis”转换，达到 32 MB 时形成堆。"
"Message",Low,"正在加载 95 模块..."
"Message",Normal,"已从 14 个文件导入反射指令:"
"Message",Normal,"D:\User\Doc\MomeNikki\obj\x64\Release\ilc\in\Properties\Default.rd.xml"
"Message",Normal,"System.Private.Interop 中的嵌入清单: Resources.System.Private.Interop.rd.xml"
"Message",Normal,"System.Private.WinRTInterop.CoreLib 中的嵌入清单: Resources.System.Private.WinRTInterop.CoreLib.rd.xml"
"Message",Normal,"System.Runtime.WindowsRuntime.UI.Xaml 中的嵌入清单: Resources.System.Runtime.WindowsRuntime.UI.Xaml.rd.xml"
"Message",Normal,"Microsoft.Data.Sqlite 中的嵌入清单: Microsoft.Data.Sqlite.Properties.Microsoft.Data.Sqlite.rd.xml"
"Message",Normal,"System.Data.Common 中的嵌入清单: Resources.System.Data.Common.rd.xml"
"Message",Normal,"System.Private.CoreLib 中的嵌入清单: Resources.System.Private.CoreLib.rd.xml"
"Message",Normal,"System.Private.Uri 中的嵌入清单: Resources.System.Private.Uri.rd.xml"
"Message",Normal,"System.Private.Reflection.Core 中的嵌入清单: System.Private.Reflection.Core.rd.xml"
"Message",Normal,"System.Private.Xml 中的嵌入清单: System.Xml.Resources.System.Private.Xml.rd.xml"
"Message",Normal,"System.ComponentModel.TypeConverter 中的嵌入清单: System.ComponentModel.TypeConverter.Resources.System.ComponentModel.TypeConverter.rd.xml"
"Message",Normal,"System.Runtime.Serialization.Formatters 中的嵌入清单: System.Runtime.Serialization.Formatters.Resources.System.Runtime.Serialization.Formatters.rd.xml"
"Message",Normal,"System.Linq.Expressions 中的嵌入清单: System.Linq.Expressions.Resources.System.Linq.Expressions.rd.xml"
"Message",Normal,"System.Net.Primitives 中的嵌入清单: Resources.System.Net.Primitives.rd.xml"
"Message",Normal,"已从 1 个文件导入 XAML 根:"
"Message",Normal,"D:\User\Doc\MomeNikki\obj\x64\Release\ilc\in\MomeNikki.xr.xml"
"Message",Normal,"正在运行“Mcg”转换，达到 261 MB 时形成堆。"
"Message",High,"正在计算应用程序关闭并生成互操作代码"
"Message",High,"  正在加载 95 模块..."
"Message",Normal,"          P/Invoke“sqlite3_close”已从“SupportedAPIs.xml”解析为“sqlite3_close!winsqlite3”。"
"Message",Normal,"          P/Invoke“sqlite3_close_v2”已从“SupportedAPIs.xml”解析为“sqlite3_close_v2!winsqlite3”。"
"Message",Normal,"          P/Invoke“sqlite3_enable_shared_cache”已从“SupportedAPIs.xml”解析为“sqlite3_enable_shared_cache!winsqlite3”。"
"Message",Normal,"          P/Invoke“sqlite3_interrupt”已从“SupportedAPIs.xml”解析为“sqlite3_interrupt!winsqlite3”。"
"Message",Normal,"          P/Invoke“sqlite3_finalize”已从“SupportedAPIs.xml”解析为“sqlite3_finalize!winsqlite3”。"
"Message",Normal,"          P/Invoke“sqlite3_reset”已从“SupportedAPIs.xml”解析为“sqlite3_reset!winsqlite3”。"
"Message",Normal,"          P/Invoke“sqlite3_clear_bindings”已从“SupportedAPIs.xml”解析为“sqlite3_clear_bindings!winsqlite3”。"
"Message",Normal,"          P/Invoke“sqlite3_stmt_status”已从“SupportedAPIs.xml”解析为“sqlite3_stmt_status!winsqlite3”。"
"Message",Normal,"          P/Invoke“sqlite3_bind_parameter_name”已从“SupportedAPIs.xml”解析为“sqlite3_bind_parameter_name!winsqlite3”。"
"Message",Normal,"          P/Invoke“sqlite3_column_database_name”已从“SupportedAPIs.xml”解析为“sqlite3_column_database_name!winsqlite3”。"
"Message",Normal,"          P/Invoke“sqlite3_column_decltype”已从“SupportedAPIs.xml”解析为“sqlite3_column_decltype!winsqlite3”。"
"Message",Normal,"          P/Invoke“sqlite3_column_name”已从“SupportedAPIs.xml”解析为“sqlite3_column_name!winsqlite3”。"
"Message",Normal,"          P/Invoke“sqlite3_column_origin_name”已从“SupportedAPIs.xml”解析为“sqlite3_column_origin_name!winsqlite3”。"
"Message",Normal,"          P/Invoke“sqlite3_column_table_name”已从“SupportedAPIs.xml”解析为“sqlite3_column_table_name!winsqlite3”。"
"Message",Normal,"          P/Invoke“sqlite3_column_text”已从“SupportedAPIs.xml”解析为“sqlite3_column_text!winsqlite3”。"
"Message",Normal,"          P/Invoke“sqlite3_errmsg”已从“SupportedAPIs.xml”解析为“sqlite3_errmsg!winsqlite3”。"
"Message",Normal,"          P/Invoke“sqlite3_db_readonly”已从“SupportedAPIs.xml”解析为“sqlite3_db_readonly!winsqlite3”。"
"Message",Normal,"          P/Invoke“sqlite3_db_filename”已从“SupportedAPIs.xml”解析为“sqlite3_db_filename!winsqlite3”。"
"Message",Normal,"          P/Invoke“sqlite3_prepare_v2”已从“SupportedAPIs.xml”解析为“sqlite3_prepare_v2!winsqlite3”。"
"Message",Normal,"          P/Invoke“sqlite3_prepare_v3”已从“SupportedAPIs.xml”解析为“sqlite3_prepare_v3!winsqlite3”。"
"Message",Normal,"          P/Invoke“sqlite3_db_status”已从“SupportedAPIs.xml”解析为“sqlite3_db_status!winsqlite3”。"
"Message",Normal,"          P/Invoke“sqlite3_complete”已从“SupportedAPIs.xml”解析为“sqlite3_complete!winsqlite3”。"
"Message",Normal,"          P/Invoke“sqlite3_compileoption_used”已从“SupportedAPIs.xml”解析为“sqlite3_compileoption_used!winsqlite3”。"
"Message",Normal,"          P/Invoke“sqlite3_compileoption_get”已从“SupportedAPIs.xml”解析为“sqlite3_compileoption_get!winsqlite3”。"
"Message",Normal,"          P/Invoke“sqlite3_table_column_metadata”已从“SupportedAPIs.xml”解析为“sqlite3_table_column_metadata!winsqlite3”。"
"Message",Normal,"          P/Invoke“sqlite3_value_text”已从“SupportedAPIs.xml”解析为“sqlite3_value_text!winsqlite3”。"
"Message",Normal,"          P/Invoke“sqlite3_enable_load_extension”已从“SupportedAPIs.xml”解析为“sqlite3_enable_load_extension!winsqlite3”。"
"Message",Normal,"          P/Invoke“sqlite3_load_extension”已从“SupportedAPIs.xml”解析为“sqlite3_load_extension!winsqlite3”。"
"Message",Normal,"          P/Invoke“sqlite3_initialize”已从“SupportedAPIs.xml”解析为“sqlite3_initialize!winsqlite3”。"
"Message",Normal,"          P/Invoke“sqlite3_shutdown”已从“SupportedAPIs.xml”解析为“sqlite3_shutdown!winsqlite3”。"
"Message",Normal,"          P/Invoke“sqlite3_libversion”已从“SupportedAPIs.xml”解析为“sqlite3_libversion!winsqlite3”。"
"Message",Normal,"          P/Invoke“sqlite3_libversion_number”已从“SupportedAPIs.xml”解析为“sqlite3_libversion_number!winsqlite3”。"
"Message",Normal,"          P/Invoke“sqlite3_threadsafe”已从“SupportedAPIs.xml”解析为“sqlite3_threadsafe!winsqlite3”。"
"Message",Normal,"          P/Invoke“sqlite3_sourceid”已从“SupportedAPIs.xml”解析为“sqlite3_sourceid!winsqlite3”。"
"Message",Normal,"          P/Invoke“sqlite3_malloc”已从“SupportedAPIs.xml”解析为“sqlite3_malloc!winsqlite3”。"
"Message",Normal,"          P/Invoke“sqlite3_realloc”已从“SupportedAPIs.xml”解析为“sqlite3_realloc!winsqlite3”。"
"Message",Normal,"          P/Invoke“sqlite3_free”已从“SupportedAPIs.xml”解析为“sqlite3_free!winsqlite3”。"
"Message",Normal,"          P/Invoke“sqlite3_stricmp”已从“SupportedAPIs.xml”解析为“sqlite3_stricmp!winsqlite3”。"
"Message",Normal,"          P/Invoke“sqlite3_strnicmp”已从“SupportedAPIs.xml”解析为“sqlite3_strnicmp!winsqlite3”。"
"Message",Normal,"          P/Invoke“sqlite3_open”已从“SupportedAPIs.xml”解析为“sqlite3_open!winsqlite3”。"
"Message",Normal,"          P/Invoke“sqlite3_open_v2”已从“SupportedAPIs.xml”解析为“sqlite3_open_v2!winsqlite3”。"
"Message",Normal,"          P/Invoke“sqlite3_vfs_find”已从“SupportedAPIs.xml”解析为“sqlite3_vfs_find!winsqlite3”。"
"Message",Normal,"          P/Invoke“sqlite3_last_insert_rowid”已从“SupportedAPIs.xml”解析为“sqlite3_last_insert_rowid!winsqlite3”。"
"Message",Normal,"          P/Invoke“sqlite3_changes”已从“SupportedAPIs.xml”解析为“sqlite3_changes!winsqlite3”。"
"Message",Normal,"          P/Invoke“sqlite3_total_changes”已从“SupportedAPIs.xml”解析为“sqlite3_total_changes!winsqlite3”。"
"Message",Normal,"          P/Invoke“sqlite3_memory_used”已从“SupportedAPIs.xml”解析为“sqlite3_memory_used!winsqlite3”。"
"Message",Normal,"          P/Invoke“sqlite3_memory_highwater”已从“SupportedAPIs.xml”解析为“sqlite3_memory_highwater!winsqlite3”。"
"Message",Normal,"          P/Invoke“sqlite3_status”已从“SupportedAPIs.xml”解析为“sqlite3_status!winsqlite3”。"
"Message",Normal,"          P/Invoke“sqlite3_busy_timeout”已从“SupportedAPIs.xml”解析为“sqlite3_busy_timeout!winsqlite3”。"
"Message",Normal,"          P/Invoke“sqlite3_bind_blob”已从“SupportedAPIs.xml”解析为“sqlite3_bind_blob!winsqlite3”。"
"Message",Normal,"          P/Invoke“sqlite3_bind_zeroblob”已从“SupportedAPIs.xml”解析为“sqlite3_bind_zeroblob!winsqlite3”。"
"Message",Normal,"          P/Invoke“sqlite3_bind_double”已从“SupportedAPIs.xml”解析为“sqlite3_bind_double!winsqlite3”。"
"Message",Normal,"          P/Invoke“sqlite3_bind_int”已从“SupportedAPIs.xml”解析为“sqlite3_bind_int!winsqlite3”。"
"Message",Normal,"          P/Invoke“sqlite3_bind_int64”已从“SupportedAPIs.xml”解析为“sqlite3_bind_int64!winsqlite3”。"
"Message",Normal,"          P/Invoke“sqlite3_bind_null”已从“SupportedAPIs.xml”解析为“sqlite3_bind_null!winsqlite3”。"
"Message",Normal,"          P/Invoke“sqlite3_bind_text”已从“SupportedAPIs.xml”解析为“sqlite3_bind_text!winsqlite3”。"
"Message",Normal,"          P/Invoke“sqlite3_bind_parameter_count”已从“SupportedAPIs.xml”解析为“sqlite3_bind_parameter_count!winsqlite3”。"
"Message",Normal,"          P/Invoke“sqlite3_bind_parameter_index”已从“SupportedAPIs.xml”解析为“sqlite3_bind_parameter_index!winsqlite3”。"
"Message",Normal,"          P/Invoke“sqlite3_column_count”已从“SupportedAPIs.xml”解析为“sqlite3_column_count!winsqlite3”。"
"Message",Normal,"          P/Invoke“sqlite3_data_count”已从“SupportedAPIs.xml”解析为“sqlite3_data_count!winsqlite3”。"
"Message",Normal,"          P/Invoke“sqlite3_step”已从“SupportedAPIs.xml”解析为“sqlite3_step!winsqlite3”。"
"Message",Normal,"          P/Invoke“sqlite3_sql”已从“SupportedAPIs.xml”解析为“sqlite3_sql!winsqlite3”。"
"Message",Normal,"          P/Invoke“sqlite3_column_double”已从“SupportedAPIs.xml”解析为“sqlite3_column_double!winsqlite3”。"
"Message",Normal,"          P/Invoke“sqlite3_column_int”已从“SupportedAPIs.xml”解析为“sqlite3_column_int!winsqlite3”。"
"Message",Normal,"          P/Invoke“sqlite3_column_int64”已从“SupportedAPIs.xml”解析为“sqlite3_column_int64!winsqlite3”。"
"Message",Normal,"          P/Invoke“sqlite3_column_blob”已从“SupportedAPIs.xml”解析为“sqlite3_column_blob!winsqlite3”。"
"Message",Normal,"          P/Invoke“sqlite3_column_bytes”已从“SupportedAPIs.xml”解析为“sqlite3_column_bytes!winsqlite3”。"
"Message",Normal,"          P/Invoke“sqlite3_column_type”已从“SupportedAPIs.xml”解析为“sqlite3_column_type!winsqlite3”。"
"Message",Normal,"          P/Invoke“sqlite3_aggregate_count”已从“SupportedAPIs.xml”解析为“sqlite3_aggregate_count!winsqlite3”。"
"Message",Normal,"          P/Invoke“sqlite3_value_blob”已从“SupportedAPIs.xml”解析为“sqlite3_value_blob!winsqlite3”。"
"Message",Normal,"          P/Invoke“sqlite3_value_bytes”已从“SupportedAPIs.xml”解析为“sqlite3_value_bytes!winsqlite3”。"
"Message",Normal,"          P/Invoke“sqlite3_value_double”已从“SupportedAPIs.xml”解析为“sqlite3_value_double!winsqlite3”。"
"Message",Normal,"          P/Invoke“sqlite3_value_int”已从“SupportedAPIs.xml”解析为“sqlite3_value_int!winsqlite3”。"
"Message",Normal,"          P/Invoke“sqlite3_value_int64”已从“SupportedAPIs.xml”解析为“sqlite3_value_int64!winsqlite3”。"
"Message",Normal,"          P/Invoke“sqlite3_value_type”已从“SupportedAPIs.xml”解析为“sqlite3_value_type!winsqlite3”。"
"Message",Normal,"          P/Invoke“sqlite3_user_data”已从“SupportedAPIs.xml”解析为“sqlite3_user_data!winsqlite3”。"
"Message",Normal,"          P/Invoke“sqlite3_result_blob”已从“SupportedAPIs.xml”解析为“sqlite3_result_blob!winsqlite3”。"
"Message",Normal,"          P/Invoke“sqlite3_result_double”已从“SupportedAPIs.xml”解析为“sqlite3_result_double!winsqlite3”。"
"Message",Normal,"          P/Invoke“sqlite3_result_error”已从“SupportedAPIs.xml”解析为“sqlite3_result_error!winsqlite3”。"
"Message",Normal,"          P/Invoke“sqlite3_result_int”已从“SupportedAPIs.xml”解析为“sqlite3_result_int!winsqlite3”。"
"Message",Normal,"          P/Invoke“sqlite3_result_int64”已从“SupportedAPIs.xml”解析为“sqlite3_result_int64!winsqlite3”。"
"Message",Normal,"          P/Invoke“sqlite3_result_null”已从“SupportedAPIs.xml”解析为“sqlite3_result_null!winsqlite3”。"
"Message",Normal,"          P/Invoke“sqlite3_result_text”已从“SupportedAPIs.xml”解析为“sqlite3_result_text!winsqlite3”。"
"Message",Normal,"          P/Invoke“sqlite3_result_zeroblob”已从“SupportedAPIs.xml”解析为“sqlite3_result_zeroblob!winsqlite3”。"
"Message",Normal,"          P/Invoke“sqlite3_result_error_toobig”已从“SupportedAPIs.xml”解析为“sqlite3_result_error_toobig!winsqlite3”。"
"Message",Normal,"          P/Invoke“sqlite3_result_error_nomem”已从“SupportedAPIs.xml”解析为“sqlite3_result_error_nomem!winsqlite3”。"
"Message",Normal,"          P/Invoke“sqlite3_result_error_code”已从“SupportedAPIs.xml”解析为“sqlite3_result_error_code!winsqlite3”。"
"Message",Normal,"          P/Invoke“sqlite3_aggregate_context”已从“SupportedAPIs.xml”解析为“sqlite3_aggregate_context!winsqlite3”。"
"Message",Normal,"          P/Invoke“sqlite3_config”已从“SupportedAPIs.xml”解析为“sqlite3_config!winsqlite3”。"
"Message",Normal,"          P/Invoke“sqlite3_config”已从“SupportedAPIs.xml”解析为“sqlite3_config!winsqlite3”。"
"Message",Normal,"          P/Invoke“sqlite3_config”已从“SupportedAPIs.xml”解析为“sqlite3_config!winsqlite3”。"
"Message",Normal,"          P/Invoke“sqlite3_create_collation”已从“SupportedAPIs.xml”解析为“sqlite3_create_collation!winsqlite3”。"
"Message",Normal,"          P/Invoke“sqlite3_update_hook”已从“SupportedAPIs.xml”解析为“sqlite3_update_hook!winsqlite3”。"
"Message",Normal,"          P/Invoke“sqlite3_commit_hook”已从“SupportedAPIs.xml”解析为“sqlite3_commit_hook!winsqlite3”。"
"Message",Normal,"          P/Invoke“sqlite3_profile”已从“SupportedAPIs.xml”解析为“sqlite3_profile!winsqlite3”。"
"Message",Normal,"          P/Invoke“sqlite3_progress_handler”已从“SupportedAPIs.xml”解析为“sqlite3_progress_handler!winsqlite3”。"
"Message",Normal,"          P/Invoke“sqlite3_trace”已从“SupportedAPIs.xml”解析为“sqlite3_trace!winsqlite3”。"
"Message",Normal,"          P/Invoke“sqlite3_rollback_hook”已从“SupportedAPIs.xml”解析为“sqlite3_rollback_hook!winsqlite3”。"
"Message",Normal,"          P/Invoke“sqlite3_db_handle”已从“SupportedAPIs.xml”解析为“sqlite3_db_handle!winsqlite3”。"
"Message",Normal,"          P/Invoke“sqlite3_next_stmt”已从“SupportedAPIs.xml”解析为“sqlite3_next_stmt!winsqlite3”。"
"Message",Normal,"          P/Invoke“sqlite3_stmt_isexplain”已从“SupportedAPIs.xml”解析为“sqlite3_stmt_isexplain!winsqlite3”。"
"Message",Normal,"          P/Invoke“sqlite3_stmt_busy”已从“SupportedAPIs.xml”解析为“sqlite3_stmt_busy!winsqlite3”。"
"Message",Normal,"          P/Invoke“sqlite3_stmt_readonly”已从“SupportedAPIs.xml”解析为“sqlite3_stmt_readonly!winsqlite3”。"
"Message",Normal,"          P/Invoke“sqlite3_exec”已从“SupportedAPIs.xml”解析为“sqlite3_exec!winsqlite3”。"
"Message",Normal,"          P/Invoke“sqlite3_get_autocommit”已从“SupportedAPIs.xml”解析为“sqlite3_get_autocommit!winsqlite3”。"
"Message",Normal,"          P/Invoke“sqlite3_extended_result_codes”已从“SupportedAPIs.xml”解析为“sqlite3_extended_result_codes!winsqlite3”。"
"Message",Normal,"          P/Invoke“sqlite3_errcode”已从“SupportedAPIs.xml”解析为“sqlite3_errcode!winsqlite3”。"
"Message",Normal,"          P/Invoke“sqlite3_extended_errcode”已从“SupportedAPIs.xml”解析为“sqlite3_extended_errcode!winsqlite3”。"
"Message",Normal,"          P/Invoke“sqlite3_errstr”已从“SupportedAPIs.xml”解析为“sqlite3_errstr!winsqlite3”。"
"Message",Normal,"          P/Invoke“sqlite3_log”已从“SupportedAPIs.xml”解析为“sqlite3_log!winsqlite3”。"
"Message",Normal,"          P/Invoke“sqlite3_file_control”已从“SupportedAPIs.xml”解析为“sqlite3_file_control!winsqlite3”。"
"Message",Normal,"          P/Invoke“sqlite3_backup_init”已从“SupportedAPIs.xml”解析为“sqlite3_backup_init!winsqlite3”。"
"Message",Normal,"          P/Invoke“sqlite3_backup_step”已从“SupportedAPIs.xml”解析为“sqlite3_backup_step!winsqlite3”。"
"Message",Normal,"          P/Invoke“sqlite3_backup_remaining”已从“SupportedAPIs.xml”解析为“sqlite3_backup_remaining!winsqlite3”。"
"Message",Normal,"          P/Invoke“sqlite3_backup_pagecount”已从“SupportedAPIs.xml”解析为“sqlite3_backup_pagecount!winsqlite3”。"
"Message",Normal,"          P/Invoke“sqlite3_backup_finish”已从“SupportedAPIs.xml”解析为“sqlite3_backup_finish!winsqlite3”。"
"Message",Normal,"          P/Invoke“sqlite3_blob_open”已从“SupportedAPIs.xml”解析为“sqlite3_blob_open!winsqlite3”。"
"Message",Normal,"          P/Invoke“sqlite3_blob_write”已从“SupportedAPIs.xml”解析为“sqlite3_blob_write!winsqlite3”。"
"Message",Normal,"          P/Invoke“sqlite3_blob_read”已从“SupportedAPIs.xml”解析为“sqlite3_blob_read!winsqlite3”。"
"Message",Normal,"          P/Invoke“sqlite3_blob_bytes”已从“SupportedAPIs.xml”解析为“sqlite3_blob_bytes!winsqlite3”。"
"Message",Normal,"          P/Invoke“sqlite3_blob_reopen”已从“SupportedAPIs.xml”解析为“sqlite3_blob_reopen!winsqlite3”。"
"Message",Normal,"          P/Invoke“sqlite3_blob_close”已从“SupportedAPIs.xml”解析为“sqlite3_blob_close!winsqlite3”。"
"Message",Normal,"          P/Invoke“sqlite3_wal_autocheckpoint”已从“SupportedAPIs.xml”解析为“sqlite3_wal_autocheckpoint!winsqlite3”。"
"Message",Normal,"          P/Invoke“sqlite3_wal_checkpoint”已从“SupportedAPIs.xml”解析为“sqlite3_wal_checkpoint!winsqlite3”。"
"Message",Normal,"          P/Invoke“sqlite3_wal_checkpoint_v2”已从“SupportedAPIs.xml”解析为“sqlite3_wal_checkpoint_v2!winsqlite3”。"
"Message",Normal,"          P/Invoke“sqlite3_set_authorizer”已从“SupportedAPIs.xml”解析为“sqlite3_set_authorizer!winsqlite3”。"
"Message",Normal,"          P/Invoke“sqlite3_win32_set_directory8”已从“SupportedAPIs.xml”解析为“sqlite3_win32_set_directory8!winsqlite3”。"
"Message",Normal,"          P/Invoke“sqlite3_create_function_v2”已从“SupportedAPIs.xml”解析为“sqlite3_create_function_v2!winsqlite3”。"
"Message",Normal,"          包含 [DllImport(ExactSpelling=true)] 的 P/Invoke“RhpGetFuncEvalParameterBufferSize”已被解析为“[MRT]!RhpGetFuncEvalParameterBufferSize”。"
"Message",Normal,"          包含 [DllImport(ExactSpelling=true)] 的 P/Invoke“RhpGetFuncEvalMode”已被解析为“[MRT]!RhpGetFuncEvalMode”。"
"Message",Normal,"          包含 [DllImport(ExactSpelling=true)] 的 P/Invoke“RhpRecordDebuggeeInitiatedHandle”已被解析为“[MRT]!RhpRecordDebuggeeInitiatedHandle”。"
"Message",Normal,"          包含 [DllImport(ExactSpelling=true)] 的 P/Invoke“RhpVerifyDebuggerCleanup”已被解析为“[MRT]!RhpVerifyDebuggerCleanup”。"
"Message",Normal,"          包含 [DllImport(ExactSpelling=true)] 的 P/Invoke“RhpGetCurrentThread”已被解析为“[MRT]!RhpGetCurrentThread”。"
"Message",Normal,"          包含 [DllImport(ExactSpelling=true)] 的 P/Invoke“RhWaitForPendingFinalizers”已被解析为“[MRT]!RhWaitForPendingFinalizers”。"
"Message",Normal,"          包含 [DllImport(ExactSpelling=true)] 的 P/Invoke“RhYield”已被解析为“[MRT]!RhYield”。"
"Message",Normal,"          包含 [DllImport(ExactSpelling=true)] 的 P/Invoke“RhFlushProcessWriteBuffers”已被解析为“[MRT]!RhFlushProcessWriteBuffers”。"
"Message",Normal,"          包含 [DllImport(ExactSpelling=true)] 的 P/Invoke“RhCompatibleReentrantWaitAny”已被解析为“[MRT]!RhCompatibleReentrantWaitAny”。"
"Message",Normal,"          包含 [DllImport(ExactSpelling=true)] 的 P/Invoke“RhCallDescrWorker”已被解析为“[MRT]!RhCallDescrWorker”。"
"Message",Normal,"          包含 [DllImport(ExactSpelling=true)] 的 P/Invoke“_ecvt_s”已被解析为“[MRT]!_ecvt_s”。"
"Message",Normal,"          包含 [DllImport(ExactSpelling=true)] 的 P/Invoke“memmove”已被解析为“[MRT]!memmove”。"
"Message",Normal,"          包含 [DllImport(ExactSpelling=true)] 的 P/Invoke“memset”已被解析为“[MRT]!memset”。"
"Message",Normal,"          包含 [DllImport(ExactSpelling=true)] 的 P/Invoke“CallingConventionConverter_GetStubs”已被解析为“*!CallingConventionConverter_GetStubs”。"
"Message",Normal,"          P/Invoke“WindowsCreateStringReference”已从“SupportedAPIs.xml”解析为“WindowsCreateStringReference!api-ms-win-core-winrt-string-l1-1-0.dll”。"
"Message",Normal,"          P/Invoke“GetLastError”已从“SupportedAPIs.xml”解析为“GetLastError!api-ms-win-core-errorhandling-l1-1-0.dll”。"
"Message",Normal,"          P/Invoke“SetLastError”已从“SupportedAPIs.xml”解析为“SetLastError!api-ms-win-core-errorhandling-l1-1-0.dll”。"
"Message",Normal,"          P/Invoke“RoInitialize”已从“SupportedAPIs.xml”解析为“RoInitialize!api-ms-win-core-winrt-l1-1-0.dll”。"
"Message",Normal,"          P/Invoke“IsValidLocaleName”已从“SupportedAPIs.xml”解析为“IsValidLocaleName!api-ms-win-core-localization-l1-2-0.dll”。"
"Message",Normal,"          P/Invoke“ResolveLocaleName”已从“SupportedAPIs.xml”解析为“ResolveLocaleName!api-ms-win-core-localization-l1-2-0.dll”。"
"Message",Normal,"          P/Invoke“CertDuplicateCertificateContext”已从“SupportedAPIs.xml”解析为“CertDuplicateCertificateContext!crypt32.dll”。"
"Message",Normal,"          P/Invoke“CertGetCertificateContextProperty”已从“SupportedAPIs.xml”解析为“CertGetCertificateContextProperty!crypt32.dll”。"
"Message",Normal,"          P/Invoke“GetCPInfoExW”已从“SupportedAPIs.xml”解析为“GetCPInfoExW!kernel32.dll”。"
"Message",Normal,"          P/Invoke“CryptQueryObject”已从“SupportedAPIs.xml”解析为“CryptQueryObject!crypt32.dll”。"
"Message",Normal,"          P/Invoke“CertDuplicateCertificateContext”已从“SupportedAPIs.xml”解析为“CertDuplicateCertificateContext!crypt32.dll”。"
"Message",Normal,"          P/Invoke“CertFreeCertificateContext”已从“SupportedAPIs.xml”解析为“CertFreeCertificateContext!crypt32.dll”。"
"Message",Normal,"          P/Invoke“CryptMsgGetParam”已从“SupportedAPIs.xml”解析为“CryptMsgGetParam!crypt32.dll”。"
"Message",Normal,"          P/Invoke“CryptMsgGetParam”已从“SupportedAPIs.xml”解析为“CryptMsgGetParam!crypt32.dll”。"
"Message",Normal,"          P/Invoke“PFXImportCertStore”已从“SupportedAPIs.xml”解析为“PFXImportCertStore!crypt32.dll”。"
"Message",Normal,"          P/Invoke“CryptFindOIDInfo”已从“SupportedAPIs.xml”解析为“CryptFindOIDInfo!crypt32.dll”。"
"Message",Normal,"          P/Invoke“CoCreateInstance”已从“SupportedAPIs.xml”解析为“CoCreateInstance!api-ms-win-core-com-l1-1-0.dll”。"
"Message",Normal,"          P/Invoke“CertGetCertificateContextProperty”已从“SupportedAPIs.xml”解析为“CertGetCertificateContextProperty!crypt32.dll”。"
"Message",Normal,"          P/Invoke“CertCloseStore”已从“SupportedAPIs.xml”解析为“CertCloseStore!crypt32.dll”。"
"Message",Normal,"          P/Invoke“CryptMsgClose”已从“SupportedAPIs.xml”解析为“CryptMsgClose!crypt32.dll”。"
"Message",Normal,"          P/Invoke“CertFindCertificateInStore”已从“SupportedAPIs.xml”解析为“CertFindCertificateInStore!crypt32.dll”。"
"Message",Normal,"          P/Invoke“CryptAcquireContextW”已从“SupportedAPIs.xml”解析为“CryptAcquireContextW!advapi32.dll”。"
"Message",Normal,"          P/Invoke“CertEnumCertificatesInStore”已从“SupportedAPIs.xml”解析为“CertEnumCertificatesInStore!crypt32.dll”。"
"Message",Normal,"          P/Invoke“WSAGetOverlappedResult”已从“SupportedAPIs.xml”解析为“WSAGetOverlappedResult!ws2_32.dll”。"
"Message",Normal,"          P/Invoke“SysFreeString”已从“SupportedAPIs.xml”解析为“SysFreeString!OleAut32”。"
"Message",Normal,"          P/Invoke“FormatMessageW”已从“SupportedAPIs.xml”解析为“FormatMessageW!kernel32.dll”。"
"Message",Normal,"          P/Invoke“CertGetNameStringW”已从“SupportedAPIs.xml”解析为“CertGetNameStringW!crypt32.dll”。"
"Message",Normal,"          P/Invoke“NCryptOpenKey”已从“SupportedAPIs.xml”解析为“NCryptOpenKey!ncrypt.dll”。"
"Message",Normal,"          P/Invoke“setsockopt”已从“SupportedAPIs.xml”解析为“setsockopt!ws2_32.dll”。"
"Message",Normal,"          P/Invoke“setsockopt”已从“SupportedAPIs.xml”解析为“setsockopt!ws2_32.dll”。"
"Message",Normal,"          P/Invoke“NCryptDeleteKey”已从“SupportedAPIs.xml”解析为“NCryptDeleteKey!ncrypt.dll”。"
"Message",Normal,"          P/Invoke“NCryptOpenStorageProvider”已从“SupportedAPIs.xml”解析为“NCryptOpenStorageProvider!ncrypt.dll”。"
"Message",Normal,"          P/Invoke“NCryptFreeObject”已从“SupportedAPIs.xml”解析为“NCryptFreeObject!ncrypt.dll”。"
"Message",Normal,"          P/Invoke“FormatMessageW”已从“SupportedAPIs.xml”解析为“FormatMessageW!kernel32.dll”。"
"Message",Normal,"          P/Invoke“FormatMessageW”已从“SupportedAPIs.xml”解析为“FormatMessageW!kernel32.dll”。"
"Message",Normal,"          P/Invoke“RoGetBufferMarshaler”已从“SupportedAPIs.xml”解析为“RoGetBufferMarshaler!api-ms-win-core-winrt-robuffer-l1-1-0.dll”。"
"Message",Normal,"          P/Invoke“BCryptGenRandom”已从“SupportedAPIs.xml”解析为“BCryptGenRandom!BCrypt.dll”。"
"Message",Normal,"          P/Invoke“FormatMessageW”已从“SupportedAPIs.xml”解析为“FormatMessageW!kernel32.dll”。"
"Message",Normal,"          P/Invoke“getsockname”已从“SupportedAPIs.xml”解析为“getsockname!ws2_32.dll”。"
"Message",Normal,"          P/Invoke“getpeername”已从“SupportedAPIs.xml”解析为“getpeername!ws2_32.dll”。"
"Message",Normal,"          P/Invoke“WSAStartup”已从“SupportedAPIs.xml”解析为“WSAStartup!ws2_32.dll”。"
"Message",Normal,"          P/Invoke“select”已从“SupportedAPIs.xml”解析为“select!ws2_32.dll”。"
"Message",Normal,"          P/Invoke“select”已从“SupportedAPIs.xml”解析为“select!ws2_32.dll”。"
"Message",Normal,"          P/Invoke“ioctlsocket”已从“SupportedAPIs.xml”解析为“ioctlsocket!ws2_32.dll”。"
"Message",Normal,"          P/Invoke“shutdown”已从“SupportedAPIs.xml”解析为“shutdown!ws2_32.dll”。"
"Message",Normal,"          P/Invoke“setsockopt”已从“SupportedAPIs.xml”解析为“setsockopt!ws2_32.dll”。"
"Message",Normal,"          P/Invoke“recv”已从“SupportedAPIs.xml”解析为“recv!ws2_32.dll”。"
"Message",Normal,"          P/Invoke“WSAIoctl”已从“SupportedAPIs.xml”解析为“WSAIoctl!ws2_32.dll”。"
"Message",Normal,"          P/Invoke“CertGetNameStringW”已从“SupportedAPIs.xml”解析为“CertGetNameStringW!crypt32.dll”。"
"Message",Normal,"          P/Invoke“RevertToSelf”已从“SupportedAPIs.xml”解析为“RevertToSelf!advapi32.dll”。"
"Message",Normal,"          P/Invoke“ImpersonateLoggedOnUser”已从“SupportedAPIs.xml”解析为“ImpersonateLoggedOnUser!advapi32.dll”。"
"Message",Normal,"          P/Invoke“GetAddrInfoW”已从“SupportedAPIs.xml”解析为“GetAddrInfoW!ws2_32.dll”。"
"Message",Normal,"          P/Invoke“WSASocketW”已从“SupportedAPIs.xml”解析为“WSASocketW!ws2_32.dll”。"
"Message",Normal,"          P/Invoke“closesocket”已从“SupportedAPIs.xml”解析为“closesocket!ws2_32.dll”。"
"Message",Normal,"          P/Invoke“WSASocketW”已从“SupportedAPIs.xml”解析为“WSASocketW!ws2_32.dll”。"
"Message",Normal,"          P/Invoke“WSAConnect”已从“SupportedAPIs.xml”解析为“WSAConnect!ws2_32.dll”。"
"Message",Normal,"          P/Invoke“listen”已从“SupportedAPIs.xml”解析为“listen!ws2_32.dll”。"
"Message",Normal,"          P/Invoke“GetCurrentThread”已从“SupportedAPIs.xml”解析为“GetCurrentThread!kernel32.dll”。"
"Message",Normal,"          P/Invoke“OpenThreadToken”已从“SupportedAPIs.xml”解析为“OpenThreadToken!advapi32.dll”。"
"Message",Normal,"          P/Invoke“GetCurrentProcess”已从“SupportedAPIs.xml”解析为“GetCurrentProcess!kernel32.dll”。"
"Message",Normal,"          P/Invoke“OpenProcessToken”已从“SupportedAPIs.xml”解析为“OpenProcessToken!advapi32.dll”。"
"Message",Normal,"          P/Invoke“bind”已从“SupportedAPIs.xml”解析为“bind!ws2_32.dll”。"
"Message",Normal,"          P/Invoke“CryptGetKeyParam”已从“SupportedAPIs.xml”解析为“CryptGetKeyParam!advapi32.dll”。"
"Message",Normal,"          P/Invoke“getsockopt”已从“SupportedAPIs.xml”解析为“getsockopt!ws2_32.dll”。"
"Message",Normal,"          P/Invoke“send”已从“SupportedAPIs.xml”解析为“send!ws2_32.dll”。"
"Message",Normal,"          P/Invoke“CryptFindOIDInfo”已从“SupportedAPIs.xml”解析为“CryptFindOIDInfo!crypt32.dll”。"
"Message",Normal,"          P/Invoke“CloseHandle”已从“SupportedAPIs.xml”解析为“CloseHandle!kernel32.dll”。"
"Message",Normal,"          P/Invoke“freeaddrinfo”已从“SupportedAPIs.xml”解析为“freeaddrinfo!ws2_32.dll”。"
"Message",Normal,"          P/Invoke“FreeAddrInfoExW”已从“SupportedAPIs.xml”解析为“FreeAddrInfoExW!ws2_32.dll”。"
"Message",Normal,"          P/Invoke“WSASocketW”已从“SupportedAPIs.xml”解析为“WSASocketW!ws2_32.dll”。"
"Message",Normal,"          P/Invoke“closesocket”已从“SupportedAPIs.xml”解析为“closesocket!ws2_32.dll”。"
"Message",Normal,"          P/Invoke“gethostname”已从“SupportedAPIs.xml”解析为“gethostname!ws2_32.dll”。"
"Message",Normal,"          P/Invoke“CryptGetDefaultProviderW”已从“SupportedAPIs.xml”解析为“CryptGetDefaultProviderW!advapi32.dll”。"
"Message",Normal,"          P/Invoke“CryptAcquireContextW”已从“SupportedAPIs.xml”解析为“CryptAcquireContextW!advapi32.dll”。"
"Message",Normal,"          P/Invoke“CryptGetUserKey”已从“SupportedAPIs.xml”解析为“CryptGetUserKey!advapi32.dll”。"
"Message",Normal,"          P/Invoke“getsockopt”已从“SupportedAPIs.xml”解析为“getsockopt!ws2_32.dll”。"
"Message",Normal,"          P/Invoke“getsockopt”已从“SupportedAPIs.xml”解析为“getsockopt!ws2_32.dll”。"
"Message",Normal,"          P/Invoke“getsockopt”已从“SupportedAPIs.xml”解析为“getsockopt!ws2_32.dll”。"
"Message",Normal,"          P/Invoke“CertGetCertificateChain”已从“SupportedAPIs.xml”解析为“CertGetCertificateChain!crypt32.dll”。"
"Message",Normal,"          P/Invoke“ioctlsocket”已从“SupportedAPIs.xml”解析为“ioctlsocket!ws2_32.dll”。"
"Message",Normal,"          P/Invoke“setsockopt”已从“SupportedAPIs.xml”解析为“setsockopt!ws2_32.dll”。"
"Message",Normal,"          P/Invoke“LsaGetLogonSessionData”已从“SupportedAPIs.xml”解析为“LsaGetLogonSessionData!sspicli.dll”。"
"Message",Normal,"          P/Invoke“CertNameToStrW”已从“SupportedAPIs.xml”解析为“CertNameToStrW!crypt32.dll”。"
"Message",Normal,"          P/Invoke“CryptFormatObject”已从“SupportedAPIs.xml”解析为“CryptFormatObject!crypt32.dll”。"
"Message",Normal,"          P/Invoke“CryptGetProvParam”已从“SupportedAPIs.xml”解析为“CryptGetProvParam!advapi32.dll”。"
"Message",Normal,"          P/Invoke“CryptDestroyKey”已从“SupportedAPIs.xml”解析为“CryptDestroyKey!advapi32.dll”。"
"Message",Normal,"          P/Invoke“LsaNtStatusToWinError”已从“SupportedAPIs.xml”解析为“LsaNtStatusToWinError!advapi32.dll”。"
"Message",Normal,"          P/Invoke“DuplicateTokenEx”已从“SupportedAPIs.xml”解析为“DuplicateTokenEx!advapi32.dll”。"
"Message",Normal,"          P/Invoke“CheckTokenMembershipEx”已从“SupportedAPIs.xml”解析为“CheckTokenMembershipEx!kernel32.dll”。"
"Message",Normal,"          P/Invoke“CryptFormatObject”已从“SupportedAPIs.xml”解析为“CryptFormatObject!crypt32.dll”。"
"Message",Normal,"          P/Invoke“LsaFreeReturnBuffer”已从“SupportedAPIs.xml”解析为“LsaFreeReturnBuffer!sspicli.dll”。"
"Message",Normal,"          P/Invoke“accept”已从“SupportedAPIs.xml”解析为“accept!ws2_32.dll”。"
"Message",Normal,"          P/Invoke“GetAddrInfoExW”已从“SupportedAPIs.xml”解析为“GetAddrInfoExW!ws2_32.dll”。"
"Message",Normal,"          P/Invoke“WSARecv”已从“SupportedAPIs.xml”解析为“WSARecv!ws2_32.dll”。"
"Message",Normal,"          P/Invoke“WSASend”已从“SupportedAPIs.xml”解析为“WSASend!ws2_32.dll”。"
"Message",Normal,"          P/Invoke“GetTokenInformation”已从“SupportedAPIs.xml”解析为“GetTokenInformation!advapi32.dll”。"
"Message",Normal,"          P/Invoke“LocalAlloc”已从“SupportedAPIs.xml”解析为“LocalAlloc!kernel32.dll”。"
"Message",Normal,"          P/Invoke“CryptImportPublicKeyInfoEx2”已从“SupportedAPIs.xml”解析为“CryptImportPublicKeyInfoEx2!crypt32.dll”。"
"Message",Normal,"          P/Invoke“BCryptExportKey”已从“SupportedAPIs.xml”解析为“BCryptExportKey!BCrypt.dll”。"
"Message",Normal,"          P/Invoke“CryptDecodeObject”已从“SupportedAPIs.xml”解析为“CryptDecodeObject!crypt32.dll”。"
"Message",Normal,"          P/Invoke“CryptReleaseContext”已从“SupportedAPIs.xml”解析为“CryptReleaseContext!advapi32.dll”。"
"Message",Normal,"          P/Invoke“CertFreeCertificateChain”已从“SupportedAPIs.xml”解析为“CertFreeCertificateChain!crypt32.dll”。"
"Message",Normal,"          P/Invoke“GetNetworkParams”已从“SupportedAPIs.xml”解析为“GetNetworkParams!iphlpapi.dll”。"
"Message",Normal,"          P/Invoke“LocalAlloc”已从“SupportedAPIs.xml”解析为“LocalAlloc!kernel32.dll”。"
"Message",Normal,"          P/Invoke“CertVerifyCertificateChainPolicy”已从“SupportedAPIs.xml”解析为“CertVerifyCertificateChainPolicy!crypt32.dll”。"
"Message",Normal,"          P/Invoke“LocalFree”已从“SupportedAPIs.xml”解析为“LocalFree!kernel32.dll”。"
"Message",Normal,"          P/Invoke“CertAddCertificateLinkToStore”已从“SupportedAPIs.xml”解析为“CertAddCertificateLinkToStore!crypt32.dll”。"
"Message",Normal,"          P/Invoke“FormatMessageW”已从“SupportedAPIs.xml”解析为“FormatMessageW!kernel32.dll”。"
"Message",Normal,"          P/Invoke“BCryptGetProperty”已从“SupportedAPIs.xml”解析为“BCryptGetProperty!BCrypt.dll”。"
"Message",Normal,"          P/Invoke“NCryptImportKey”已从“SupportedAPIs.xml”解析为“NCryptImportKey!ncrypt.dll”。"
"Message",Normal,"          P/Invoke“NCryptGetProperty”已从“SupportedAPIs.xml”解析为“NCryptGetProperty!ncrypt.dll”。"
"Message",Normal,"          P/Invoke“CryptImportKey”已从“SupportedAPIs.xml”解析为“CryptImportKey!advapi32.dll”。"
"Message",Normal,"          P/Invoke“CryptSetProvParam”已从“SupportedAPIs.xml”解析为“CryptSetProvParam!advapi32.dll”。"
"Message",Normal,"          P/Invoke“BCryptDestroyKey”已从“SupportedAPIs.xml”解析为“BCryptDestroyKey!BCrypt.dll”。"
"Message",Normal,"          P/Invoke“LocalFree”已从“SupportedAPIs.xml”解析为“LocalFree!kernel32.dll”。"
"Message",Normal,"          P/Invoke“CertControlStore”已从“SupportedAPIs.xml”解析为“CertControlStore!crypt32.dll”。"
"Message",Normal,"          P/Invoke“CertOpenStore”已从“SupportedAPIs.xml”解析为“CertOpenStore!crypt32.dll”。"
"Message",Normal,"          P/Invoke“NCryptSetProperty”已从“SupportedAPIs.xml”解析为“NCryptSetProperty!ncrypt.dll”。"
"Message",Normal,"          P/Invoke“CryptDecodeObject”已从“SupportedAPIs.xml”解析为“CryptDecodeObject!crypt32.dll”。"
"Message",Normal,"          P/Invoke“CryptSetProvParam”已从“SupportedAPIs.xml”解析为“CryptSetProvParam!advapi32.dll”。"
"Message",Normal,"          P/Invoke“GetNameInfoW”已从“SupportedAPIs.xml”解析为“GetNameInfoW!ws2_32.dll”。"
"Message",Normal,"          P/Invoke“GetTokenInformation”已从“SupportedAPIs.xml”解析为“GetTokenInformation!advapi32.dll”。"
"Message",Normal,"          P/Invoke“DuplicateHandle”已从“SupportedAPIs.xml”解析为“DuplicateHandle!kernel32.dll”。"
"Message",Normal,"          P/Invoke“CryptFindOIDInfo”已从“SupportedAPIs.xml”解析为“CryptFindOIDInfo!crypt32.dll”。"
"Message",Normal,"          P/Invoke“CryptGenKey”已从“SupportedAPIs.xml”解析为“CryptGenKey!advapi32.dll”。"
"Message",Normal,"          P/Invoke“CertVerifyCertificateChainPolicy”已从“SupportedAPIs.xml”解析为“CertVerifyCertificateChainPolicy!crypt32.dll”。"
"Message",Normal,"          P/Invoke“LsaLookupSids”已从“SupportedAPIs.xml”解析为“LsaLookupSids!advapi32.dll”。"
"Message",Normal,"          P/Invoke“CertFindExtension”已从“SupportedAPIs.xml”解析为“CertFindExtension!crypt32.dll”。"
"Message",Normal,"          P/Invoke“CertGetValidUsages”已从“SupportedAPIs.xml”解析为“CertGetValidUsages!crypt32.dll”。"
"Message",Normal,"          P/Invoke“CertGetIntendedKeyUsage”已从“SupportedAPIs.xml”解析为“CertGetIntendedKeyUsage!crypt32.dll”。"
"Message",Normal,"          P/Invoke“LsaLookupNames2”已从“SupportedAPIs.xml”解析为“LsaLookupNames2!advapi32.dll”。"
"Message",Normal,"          P/Invoke“CertEnumCertificatesInStore”已从“SupportedAPIs.xml”解析为“CertEnumCertificatesInStore!crypt32.dll”。"
"Message",Normal,"          P/Invoke“SetFileCompletionNotificationModes”已从“SupportedAPIs.xml”解析为“SetFileCompletionNotificationModes!kernel32.dll”。"
"Message",Normal,"          P/Invoke“BCryptCreateHash”已从“SupportedAPIs.xml”解析为“BCryptCreateHash!BCrypt.dll”。"
"Message",Normal,"          P/Invoke“BCryptGetProperty”已从“SupportedAPIs.xml”解析为“BCryptGetProperty!BCrypt.dll”。"
"Message",Normal,"          P/Invoke“LsaOpenPolicy”已从“SupportedAPIs.xml”解析为“LsaOpenPolicy!advapi32.dll”。"
"Message",Normal,"          P/Invoke“CertVerifyTimeValidity”已从“SupportedAPIs.xml”解析为“CertVerifyTimeValidity!crypt32.dll”。"
"Message",Normal,"          P/Invoke“LsaClose”已从“SupportedAPIs.xml”解析为“LsaClose!advapi32.dll”。"
"Message",Normal,"          P/Invoke“LsaFreeMemory”已从“SupportedAPIs.xml”解析为“LsaFreeMemory!advapi32.dll”。"
"Message",Normal,"          P/Invoke“CertFreeCertificateContext”已从“SupportedAPIs.xml”解析为“CertFreeCertificateContext!crypt32.dll”。"
"Message",Normal,"          P/Invoke“EncryptMessage”已从“SupportedAPIs.xml”解析为“EncryptMessage!sspicli.dll”。"
"Message",Normal,"          P/Invoke“DecryptMessage”已从“SupportedAPIs.xml”解析为“DecryptMessage!sspicli.dll”。"
"Message",Normal,"          P/Invoke“BCryptOpenAlgorithmProvider”已从“SupportedAPIs.xml”解析为“BCryptOpenAlgorithmProvider!BCrypt.dll”。"
"Message",Normal,"          P/Invoke“BCryptCloseAlgorithmProvider”已从“SupportedAPIs.xml”解析为“BCryptCloseAlgorithmProvider!BCrypt.dll”。"
"Message",Normal,"          P/Invoke“BCryptDestroyHash”已从“SupportedAPIs.xml”解析为“BCryptDestroyHash!BCrypt.dll”。"
"Message",Normal,"          P/Invoke“EnumerateSecurityPackagesW”已从“SupportedAPIs.xml”解析为“EnumerateSecurityPackagesW!sspicli.dll”。"
"Message",Normal,"          P/Invoke“QueryContextAttributesW”已从“SupportedAPIs.xml”解析为“QueryContextAttributesW!sspicli.dll”。"
"Message",Normal,"          P/Invoke“ApplyControlToken”已从“SupportedAPIs.xml”解析为“ApplyControlToken!sspicli.dll”。"
"Message",Normal,"          P/Invoke“FreeContextBuffer”已从“SupportedAPIs.xml”解析为“FreeContextBuffer!sspicli.dll”。"
"Message",Normal,"          P/Invoke“AcceptSecurityContext”已从“SupportedAPIs.xml”解析为“AcceptSecurityContext!sspicli.dll”。"
"Message",Normal,"          P/Invoke“DeleteSecurityContext”已从“SupportedAPIs.xml”解析为“DeleteSecurityContext!sspicli.dll”。"
"Message",Normal,"          P/Invoke“InitializeSecurityContextW”已从“SupportedAPIs.xml”解析为“InitializeSecurityContextW!sspicli.dll”。"
"Message",Normal,"          P/Invoke“AcquireCredentialsHandleW”已从“SupportedAPIs.xml”解析为“AcquireCredentialsHandleW!sspicli.dll”。"
"Message",Normal,"          P/Invoke“FreeCredentialsHandle”已从“SupportedAPIs.xml”解析为“FreeCredentialsHandle!sspicli.dll”。"
"Message",High,"  正在生成代码..."
"Message",High,"  生成的互操作代码。"
"Message",Normal,"  将代码写入到 AssemblyInfo.g.cs"
"Message",Normal,"  将代码写入到 Adapters.g.cs"
"Message",Normal,"  将代码写入到 Data.g.cs"
"Message",Normal,"  将代码写入到 Helpers.g.cs"
"Message",Normal,"  将代码写入到 ImplTypes.g.cs"
"Message",Normal,"  将代码写入到 PInvoke.g.cs"
"Message",Normal,"  将代码写入到 SafeTypes.g.cs"
"Message",Normal,"  将代码写入到 SharedStubs.g.cs"
"Message",Normal,"正在运行“GenerateCodeAndCompile”转换，达到 269 MB 时形成堆。"
"Message",High,"正在编译互操作代码"
"Message",Normal,"编译生成的源代码: C:\Program Files (x86)\Microsoft SDKs\UWPNuGetPackages\microsoft.net.native.compiler\2.2.8-rel-28605-00\tools\csc\csc.exe /noconfig @""D:\User\Doc\MomeNikki\obj\x64\Release\ilc\intermediate\MomeNikki.McgInterop.rsp"""
"Message",High,"正在生成 System.Reflection.DispatchProxy 代理代码。"
"Message",Normal,"正在运行“ReducedCopyInitialize”转换，达到 269 MB 时形成堆。"
"Message",Normal,"正在运行“ReducedCopyEmptyTypes”转换，达到 291 MB 时形成堆。"
"Message",Normal,"正在运行“ReducedCopyPopulateTypes”转换，达到 271 MB 时形成堆。"
"Message",Normal,"正在运行“ReducedCopyLateMetadata”转换，达到 303 MB 时形成堆。"
"Message",Normal,"正在运行“ReducedCopyPassResourcesToMutableAssembly”转换，达到 313 MB 时形成堆。"
"Message",Normal,"正在运行“ReducedCopyMethodBodies”转换，达到 314 MB 时形成堆。"
"Message",Normal,"正在运行“ReducedCopyComplete”转换，达到 348 MB 时形成堆。"
"Message",Normal,"正在运行“ReducedCopyCleanup”转换，达到 325 MB 时形成堆。"
"Message",Normal,"正在运行“DeveloperExperienceModeOnlyCodeRemover”转换，达到 325 MB 时形成堆。"
"Message",Normal,"正在运行“ComImportDetector”转换，达到 325 MB 时形成堆。"
"Message",Normal,"正在运行“McgAccessor”转换，达到 325 MB 时形成堆。"
"Message",Normal,"正在运行“McgRedirect”转换，达到 327 MB 时形成堆。"
"Message",Normal,"正在运行“McgRedirect”转换，达到 333 MB 时形成堆。"
"Message",Normal,"正在运行“McgTypeOf”转换，达到 335 MB 时形成堆。"
"Message",Normal,"正在运行“EventSource”转换，达到 326 MB 时形成堆。"
"Message",Normal,"正在运行“ValueType”转换，达到 326 MB 时形成堆。"
"Message",Normal,"正在运行“Attribute”转换，达到 326 MB 时形成堆。"
"Message",Normal,"正在运行“GetType”转换，达到 327 MB 时形成堆。"
"Message",Normal,"正在运行“McgFixups”转换，达到 328 MB 时形成堆。"
"Message",Normal,"正在运行“ResourceManagerCtor”转换，达到 329 MB 时形成堆。"
"Message",Normal,"正在运行“TypeofTypeHandle”转换，达到 329 MB 时形成堆。"
"Message",Normal,"正在运行“DispatchProxyIntrinsics”转换，达到 335 MB 时形成堆。"
"Message",Normal,"正在运行“StaticInitData”转换，达到 335 MB 时形成堆。"
"Message",Normal,"正在运行“Delegate”转换，达到 349 MB 时形成堆。"
"Message",Normal,"正在运行“LazyGenerics”转换，达到 352 MB 时形成堆。"
"Message",Normal,"正在运行“AddReflectionBlockedAttributes”转换，达到 346 MB 时形成堆。"
"Message",Normal,"正在运行“DisableOptimization”转换，达到 346 MB 时形成堆。"
"Message",Normal,"正在运行“ResourceExtractor”转换，达到 346 MB 时形成堆。"
"Message",Normal,"正在运行“CreateMetadata”转换，达到 347 MB 时形成堆。"
"Message",Normal,"正在运行“StartupCodeInjector”转换，达到 374 MB 时形成堆。"
"Message",Normal,"正在运行“SaveRVAStatics”转换，达到 375 MB 时形成堆。"
"Message",Normal,"正在运行“ReflectionInvoke”转换，达到 376 MB 时形成堆。"
"Message",Normal,"正在运行“ScrubOpenCalls”转换，达到 377 MB 时形成堆。"
"Message",Normal,"正在运行“ConvertCatchIntoFilter”转换，达到 377 MB 时形成堆。"
"Message",Normal,"正在运行“ReflectionMappingInfoEmit”转换，达到 378 MB 时形成堆。"
"Message",Normal,"正在运行“ReflectionIntrinsics”转换，达到 379 MB 时形成堆。"
"Message",Normal,"正在运行“ConvertManagedWinMD”转换，达到 380 MB 时形成堆。"
"Message",Normal,"正在运行“DebuggerGuidedStepThroughJmc”转换，达到 380 MB 时形成堆。"
"Message",Normal,"正在运行“Reducer”转换，达到 348 MB 时形成堆。"
"Message",High,"正在清理未引用的代码"
"Message",Normal,"正在运行“WriteAssemblies”转换，达到 413 MB 时形成堆。"
"Message",Normal,""
"Message",Normal,"转换摘要"
"Message",Normal,"    毫秒 | 堆增量 | 名称"
"Message",Normal,"  8321 |        229 | Analysis"
"Message",Normal,"  1525 |          0 | GenerateCodeAndCompile"
"Message",Normal,"  1201 |          1 | ResourceExtractor"
"Message",Normal,"  1012 |         65 | Reducer"
"Message",Normal,"   999 |         -4 | WriteAssemblies"
"Message",Normal,"   770 |          8 | Mcg"
"Message",Normal,"   329 |        -23 | ReducedCopyComplete"
"Message",Normal,"   307 |         34 | ReducedCopyMethodBodies"
"Message",Normal,"   195 |         -6 | LazyGenerics"
"Message",Normal,"   165 |         32 | ReducedCopyPopulateTypes"
"Message",Normal,"   163 |         -9 | McgTypeOf"
"Message",Normal,"   158 |         10 | ReducedCopyLateMetadata"
"Message",Normal,"   151 |         27 | CreateMetadata"
"Message",Normal,"   129 |         22 | ReducedCopyInitialize"
"Message",Normal,"   124 |          6 | McgRedirect"
"Message",Normal,"    71 |         15 | DumpNativeResources"
"Message",Normal,"    57 |          2 | McgRedirect"
"Message",Normal,"    47 |         14 | StaticInitData"
"Message",Normal,"    45 |          6 | TypeofTypeHandle"
"Message",Normal,"    40 |        -20 | ReducedCopyEmptyTypes"
"Message",Normal,"    35 |        -32 | DebuggerGuidedStepThroughJmc"
"Message",Normal,"    32 |          1 | SaveRVAStatics"
"Message",Normal,"    18 |          1 | GetType"
"Message",Normal,"    11 |          0 | DispatchProxyIntrinsics"
"Message",Normal,"    10 |          1 | ReflectionIntrinsics"
"Message",Normal,"    10 |          0 | ScrubOpenCalls"
"Message",Normal,"     7 |          1 | McgFixups"
"Message",Normal,"     5 |          3 | Delegate"
"Message",Normal,"     5 |          2 | McgAccessor"
"Message",Normal,"     4 |          1 | ConvertCatchIntoFilter"
"Message",Normal,"     3 |          1 | ReflectionInvoke"
"Message",Normal,"     2 |          0 | EventSource"
"Message",Normal,"     2 |          1 | ReducedCopyPassResourcesToMutableAssembly"
"Message",Normal,"     2 |          1 | ReflectionMappingInfoEmit"
"Message",Normal,"     2 |          0 | ReducedCopyCleanup"
"Message",Normal,"     2 |          1 | Attribute"
"Message",Normal,"     1 |          0 | ValueType"
"Message",Normal,"     1 |          0 | AddReflectionBlockedAttributes"
"Message",Normal,"     0 |          0 | ConvertManagedWinMD"
"Message",Normal,"     0 |          0 | ComImportDetector"
"Message",Normal,"     0 |          1 | StartupCodeInjector"
"Message",Normal,"     0 |          0 | DeveloperExperienceModeOnlyCodeRemover"
"Message",Normal,"     0 |          0 | DisableOptimization"
"Message",Normal,"     0 |          0 | ResourceManagerCtor"
"Message",Low,"已完成执行任务 ""RunILTransforms""。"
"Message",Low,"已完成在文件 ""ILTransforms"" 中生成目标 ""RunILTransforms""。"
"Message",Low,"已完成生成项目 ""ILTransforms""。"
"Message",Low,""
"Message",Low,""
"Message",Low,"已完成在文件 ""Nutc"" 中生成目标 ""GenerateMDIL""。"
"Message",Low,""
"Message",High,"正在生成本机代码"
"Message",Low,"已完成在文件 ""Nutc"" 中生成目标 ""MDILPrepareMultiFile""。"
"Message",Low,""
"Message",Low,"已完成在文件 ""Nutc"" 中生成目标 ""SetBinaryForReferences""。"
"Message",Low,""
"Message",Low,"任务 ""GenerateMDILGlobalAnalysis"""
"Message",Normal,"正在启动“C:\Program Files (x86)\Microsoft SDKs\UWPNuGetPackages\runtime.win10-x64.microsoft.net.native.compiler\2.2.8-rel-28605-00\tools\x64\ilc\Tools\nutc_driver.exe @""D:\User\Doc\MomeNikki\obj\x64\Release\ilc\intermediate\MDIL\MomeNikki.rsp""”"
"Message",Low,"Microsoft (R) MDIL Compiler - Version 2.2.28605.00"
"Message",Low,"Copyright (c) Microsoft Corporation.  All rights reserved."
"Message",Low,"正在扫描输入类型"
"Message",Low,"正在扫描 7307 方法。"
"Message",Low,"正在扫描 7660 方法。"
"Message",Low,"正在扫描 4683 方法。"
"Message",Low,"正在扫描 3243 方法。"
"Message",Low,"正在扫描 3090 方法。"
"Message",Low,"正在扫描 2645 方法。"
"Message",Low,"正在扫描 2568 方法。"
"Message",Low,"正在扫描 1621 方法。"
"Message",Low,"正在扫描 1214 方法。"
"Message",Low,"正在扫描 926 方法。"
"Message",Low,"正在扫描 660 方法。"
"Message",Low,"正在扫描 592 方法。"
"Message",Low,"正在扫描 511 方法。"
"Message",Low,"正在扫描 459 方法。"
"Message",Low,"正在扫描 496 方法。"
"Message",Low,"正在扫描 320 方法。"
"Message",Low,"正在扫描 137 方法。"
"Message",Low,"正在扫描 126 方法。"
"Message",Low,"正在扫描 56 方法。"
"Message",Low,"正在扫描 16 方法。"
"Message",Low,"正在扫描 14 方法。"
"Message",Low,"正在扫描 2 方法。"
"Message",Low,"正在扫描 6 方法。"
"Message",Low,"正在扫描 12 方法。"
"Message",Low,"正在扫描 14 方法。"
"Message",Low,"正在扫描 13 方法。"
"Message",Low,"迫切生成代码"
"Message",Low,"正在编译 38391 方法。"
"Message",Low,"延迟生成代码"
"Message",Low,"对托管方法 Initialize 的调用成功；退出代码: 0 生成 CTL 时。堆栈跟踪元数据"
"Message",Low,"发出的方法数:   22238"
"Message",Low,"元数据 blob 大小:          511259"
"Message",Low,"方法 RVA - 令牌映射大小: 177904"
"Message",Low,"总本机大小:           689163"
"Message",Low,"已成功生成“D:\User\Doc\MomeNikki\obj\x64\Release\ilc\intermediate\MDIL\MomeNikki.mdilexe”"
"Message",Low,"已成功生成“D:\User\Doc\MomeNikki\obj\x64\Release\ilc\intermediate\MDIL\MomeNikki.mdilpdb”"
"Message",Low,"已编译为 MDIL 代码。"
"Message",Normal,"“C:\Program Files (x86)\Microsoft SDKs\UWPNuGetPackages\runtime.win10-x64.microsoft.net.native.compiler\2.2.8-rel-28605-00\tools\x64\ilc\Tools\nutc_driver.exe @""D:\User\Doc\MomeNikki\obj\x64\Release\ilc\intermediate\MDIL\MomeNikki.rsp""”已完成。"
"Message",Normal,"进程执行统计信息(所有时间均以毫秒为单位)"
"Message",Normal,"-----------------------------------------------------------------------------"
"Message",Normal,"启动 | 开始 | 停止 | 结束 | 持续时间 | 生存期 | [槽] 名称"
"Message",Normal,"-----------------------------------------------------------------------------"
"Message",Normal,"       0 |       16 |    13313 |    13313 |    13297 |    13313 | [0] Nutc GlobalAnalysis"
"Message",Normal,"命令数:      1"
"Message",Normal,"总系统时间:       13313 毫秒"
"Message",Normal,"每命令系统时间: 13313 毫秒"
"Message",Normal,"总持续时间:          13297 毫秒"
"Message",Normal,"总生存时间:          13313 毫秒"
"Message",Normal,"请求的 DOP:           12"
"Message",Normal,"持续时间 DOP:            1.0"
"Message",Normal,"生存时间 DOP:            1.0"
"Message",Low,"已完成执行任务 ""GenerateMDILGlobalAnalysis""。"
"Message",Low,"已完成在文件 ""Nutc"" 中生成目标 ""GenerateMDILGlobalAnalysis""。"
"Message",Low,""
"Message",Low,"任务 ""rc"""
"Message",Normal,"正在启动“C:\Program Files (x86)\Windows Kits\10\bin\10.0.19041.0\x64\rc.exe /c ""65001"" /r /fo ""D:\User\Doc\MomeNikki\obj\x64\Release\ilc\intermediate\BuildInfo\BuildInfo.res"" ""D:\User\Doc\MomeNikki\obj\x64\Release\ilc\intermediate\BuildInfo\BuildInfo.rc""”"
"Message",Low,"Microsoft (R) Windows (R) Resource Compiler Version 10.0.10011.16384"
"Message",Low,"Copyright (C) Microsoft Corporation.  All rights reserved."
"Message",Normal,"“C:\Program Files (x86)\Windows Kits\10\bin\10.0.19041.0\x64\rc.exe /c ""65001"" /r /fo ""D:\User\Doc\MomeNikki\obj\x64\Release\ilc\intermediate\BuildInfo\BuildInfo.res"" ""D:\User\Doc\MomeNikki\obj\x64\Release\ilc\intermediate\BuildInfo\BuildInfo.rc""”已完成。"
"Message",Normal,"进程执行统计信息(所有时间均以毫秒为单位)"
"Message",Normal,"-----------------------------------------------------------------------------"
"Message",Normal,"启动 | 开始 | 停止 | 结束 | 持续时间 | 生存期 | [槽] 名称"
"Message",Normal,"-----------------------------------------------------------------------------"
"Message",Normal,"       0 |       16 |       31 |       31 |       15 |       31 | [0] rc"
"Message",Normal,"命令数:      1"
"Message",Normal,"总系统时间:       31 毫秒"
"Message",Normal,"每命令系统时间: 31 毫秒"
"Message",Normal,"总持续时间:          15 毫秒"
"Message",Normal,"总生存时间:          31 毫秒"
"Message",Normal,"请求的 DOP:           12"
"Message",Normal,"持续时间 DOP:            0.5"
"Message",Normal,"生存时间 DOP:            1.0"
"Message",Low,"已完成执行任务 ""rc""。"
"Message",Low,"任务 ""ResourceBinaryConcatenate"""
"Message",Normal,"正在用对齐值“4”连接到“D:\User\Doc\MomeNikki\obj\x64\Release\ilc\intermediate\Native.res”。"
"Message",Normal,"在偏移量 0 处添加了“D:\User\Doc\MomeNikki\obj\x64\Release\ilc\intermediate\ILTransformed\MomeNikki.res”。"
"Message",Normal,"在偏移量 1384 处添加了“D:\User\Doc\MomeNikki\obj\x64\Release\ilc\intermediate\BuildInfo\BuildInfo.res”。"
"Message",Low,"已完成执行任务 ""ResourceBinaryConcatenate""。"
"Message",Low,"已完成在文件 ""Nutc"" 中生成目标 ""GenerateBuildInfo""。"
"Message",Low,"已完成生成项目 ""Nutc""。"
"Message",Low,""
"Message",Low,""
"Message",Low,"已完成在文件 ""Binder"" 中生成目标 ""MDILBindPrepare""。"
"Message",Low,""
"Message",High,"正在生成本机代码的链接地址信息"
"Message",Low,"任务 ""MDILBind"""
"Message",Normal,"正在启动“C:\Program Files (x86)\Microsoft SDKs\UWPNuGetPackages\runtime.win10-x64.microsoft.net.native.compiler\2.2.8-rel-28605-00\tools\x64\ilc\Tools\rhbind.exe @""D:\User\Doc\MomeNikki\obj\x64\Release\ilc\intermediate\rhbindargs.MomeNikki.rsp""”"
"Message",Low,"操作系统版本: 主版本: 6 次版本: 2"
"Message",Low,"MDIL: D:\User\Doc\MomeNikki\obj\x64\Release\ilc\intermediate\MDIL\MomeNikki.mdilexe"
"Message",Low,"MDILPDB: D:\User\Doc\MomeNikki\obj\x64\Release\ilc\intermediate\MDIL\MomeNikki.mdilpdb"
"Message",Low,"IL: D:\User\Doc\MomeNikki\obj\x64\Release\ilc\intermediate\MDIL\MomeNikki.ilexe"
"Message",Low,"NI: D:\User\Doc\MomeNikki\obj\x64\Release\ilc\intermediate\Native\MomeNikki.dll"
"Message",Low,"填充码: D:\User\Doc\MomeNikki\obj\x64\Release\ilc\intermediate\Native\MomeNikki.exe"
"Message",Low,"REDHAWK_RUNTIME_DLL_NAME_A=mrt100_app.dll"
"Message",Low,"pdb: D:\User\Doc\MomeNikki\obj\x64\Release\ilc\intermediate\Native\MomeNikki.pdb"
"Message",Low,"生成了 D:\User\Doc\MomeNikki\obj\x64\Release\ilc\intermediate\Native\MomeNikki.dll (1.563 秒内)"
"Message",Normal,"“C:\Program Files (x86)\Microsoft SDKs\UWPNuGetPackages\runtime.win10-x64.microsoft.net.native.compiler\2.2.8-rel-28605-00\tools\x64\ilc\Tools\rhbind.exe @""D:\User\Doc\MomeNikki\obj\x64\Release\ilc\intermediate\rhbindargs.MomeNikki.rsp""”已完成。"
"Message",Normal,"进程执行统计信息(所有时间均以毫秒为单位)"
"Message",Normal,"-----------------------------------------------------------------------------"
"Message",Normal,"启动 | 开始 | 停止 | 结束 | 持续时间 | 生存期 | [槽] 名称"
"Message",Normal,"-----------------------------------------------------------------------------"
"Message",Normal,"       0 |       16 |     1610 |     1610 |     1594 |     1610 | [0] rhbind MomeNikki"
"Message",Normal,"命令数:      1"
"Message",Normal,"总系统时间:       1610 毫秒"
"Message",Normal,"每命令系统时间: 1610 毫秒"
"Message",Normal,"总持续时间:          1594 毫秒"
"Message",Normal,"总生存时间:          1610 毫秒"
"Message",Normal,"请求的 DOP:           12"
"Message",Normal,"持续时间 DOP:            1.0"
"Message",Normal,"生存时间 DOP:            1.0"
"Message",Low,"已完成执行任务 ""MDILBind""。"
"Message",Low,"已完成在文件 ""Binder"" 中生成目标 ""MDILBind""。"
"Message",Low,"已完成生成项目 ""Binder""。"
"Message",Low,""
"Message",Low,""
"Message",Low,"已完成在文件 ""Deployment"" 中生成目标 ""CopyNativeExecutablesToOutput""。"
"Message",Low,""
"Message",Low,"任务 ""TransformAppxManifest"""
"Message",Low,"已完成执行任务 ""TransformAppxManifest""。"
"Message",Low,"已完成在文件 ""Deployment"" 中生成目标 ""TransformAppxManifestAndAddCrt""。"
"Message",Low,""
"Message",Low,"已完成在文件 ""Deployment"" 中生成目标 ""CopyPackageResourceFileInRetailBuild""。"
"Message",Low,"已完成生成项目 ""Deployment""。"
"Message",Low,"编译已完成"
